Name,Age,Height (cm),Location,Tinder Bio,Languages,Zodiac,Passions,Lifestyle
Emily,25,165,New York,"Lover of adventure and coffee â˜•ï¸. Looking for someone to explore the city with!","English, Spanish","Libra","Travel, Photography, Yoga","Active, Social"
Sophia,28,170,Los Angeles,"Movie enthusiast ğŸ¬. Let's binge-watch Netflix together!","English, French","Leo","Cooking, Hiking, Reading","Relaxed, Creative"
Olivia,23,160,London,"Passionate about art and music ğŸ¨ğŸµ. Searching for someone to share my love for museums and concerts!","English, Italian","Aquarius","Painting, Playing Guitar, Dancing","Adventurous, Creative"
Ava,26,168,Paris,"Foodie and wine lover ğŸ·ğŸ. Seeking a partner to try out new restaurants and explore the city's hidden gems!","French, English","Gemini","Cooking, Traveling, Wine Tasting","Foodie, Social"
Isabella,24,163,Tokyo,"Anime enthusiast and sushi lover ğŸ£ğŸ’•. Looking for someone to watch Studio Ghibli movies with!","Japanese, English","Virgo","Drawing, Karaoke, Anime","Chill, Fun-loving"
Mia,27,166,Sydney,"Beach bum and fitness enthusiast ğŸ–ï¸ğŸ’ª. Let's catch some waves together!","English, Spanish","Cancer","Surfing, Yoga, Running","Active, Outgoing"
Charlotte,29,172,Milan,"Fashionista and foodie ğŸğŸ‘—. Seeking someone who appreciates good food and style!","Italian, English","Sagittarius","Shopping, Cooking, Fashion Design","Stylish, Social"
Amelia,25,164,Mexico City,"Passionate about salsa dancing ğŸ’ƒğŸ¶. Let's dance the night away under the stars!","Spanish, English","Taurus","Dancing, Traveling, Cooking","Energetic, Spontaneous"
Harper,26,167,Toronto,"Bookworm and coffee addict â˜•ï¸ğŸ“š. Seeking someone for deep conversations and caffeine-fueled adventures!","English, French","Scorpio","Reading, Writing, Photography","Intellectual, Introverted"
Evelyn,28,169,Berlin,"Tech geek and beer enthusiast ğŸºğŸ’». Let's explore the city's craft beer scene together!","German, English","Capricorn","Coding, Hiking, Beer Tasting","Analytical, Adventurous"
Luna,23,162,Barcelona,"Nature lover and aspiring chef ğŸŒ¿ğŸ½ï¸. Searching for someone to go hiking and cook delicious meals with!","Spanish, English","Pisces","Hiking, Cooking, Painting","Free-spirited, Creative"
Avery,24,166,SÃ£o Paulo,"Music lover and party animal ğŸ¶ğŸ‰. Let's dance till sunrise at the hottest clubs in town!","Portuguese, English","Aries","Music Festivals, Dancing, Traveling","Energetic, Outgoing"
Chloe,27,168,Seoul,"K-pop fanatic and foodie ğŸœğŸ¶. Let's explore the vibrant streets of Seoul together!","Korean, English","Cancer","K-pop, Cooking, Traveling","Adventurous, Foodie"
Grace,25,165,Mumbai,"Bollywood enthusiast and foodie ğŸ¬ğŸ›. Searching for someone to binge-watch Bollywood movies with and try out new restaurants!","Hindi, English","Virgo","Dancing, Cooking, Traveling","Passionate, Social"
Lily,29,170,Shanghai,"Art lover and tea connoisseur ğŸ–¼ï¸ğŸµ. Let's visit galleries and sip tea in traditional tea houses!","Mandarin, English","Libra","Painting, Calligraphy, Tea Tasting","Calm, Sophisticated"
Sophie,26,167,Rio de Janeiro,"Beach lover and adrenaline junkie ğŸ–ï¸ğŸš€. Seeking someone for surfing sessions and skydiving adventures!","Portuguese, English","Leo","Surfing, Skydiving, Yoga","Adventurous, Spontaneous"
Zoe,23,163,Moscow,"Russian literature enthusiast and coffee addict ğŸ“šâ˜•ï¸. Let's discuss Dostoevsky over a cup of coffee!","Russian, English","Gemini","Reading, Writing, Coffee Tasting","Intellectual, Introverted"
Ellie,28,168,Stockholm,"Viking descendant and outdoor enthusiast â›°ï¸ğŸŒ². Let's go hiking and camping in the Swedish wilderness!","Swedish, English","Aquarius","Hiking, Camping, Photography","Nature-loving, Adventurous"
Scarlett,25,166,Dubai,"Luxury seeker and desert explorer ğŸŒ´ğŸ«. Let's experience the opulence of Dubai together!","Arabic, English","Capricorn","Shopping, Fine Dining, Desert Safari","Luxurious, Adventurous"
Hannah,27,165,Chicago,"Coffee addict and travel junkie â˜•ï¸âœˆï¸. Let's explore new coffee shops and destinations together!","English, Spanish","Pisces","Traveling, Photography, Writing","Adventurous, Social"
Aria,24,163,Vancouver,"Nature lover and amateur photographer ğŸŒ¿ğŸ“·. Seeking someone to go on outdoor adventures and capture beautiful moments with!","English, French","Gemini","Hiking, Photography, Painting","Free-spirited, Creative"
Sofia,28,168,Rome,"Pasta enthusiast and art lover ğŸğŸ¨. Let's indulge in Italian cuisine and visit museums!","Italian, English","Cancer","Cooking, Painting, Traveling","Relaxed, Creative"
Addison,26,170,Miami,"Beach lover and fitness enthusiast ğŸ–ï¸ğŸ’ª. Let's soak up the sun and work on our tan together!","English, Spanish","Leo","Surfing, Yoga, Dancing","Active, Outgoing"
Aurora,23,166,Edinburgh,"Whisky enthusiast and history buff ğŸ¥ƒğŸ“š. Let's explore the castles and distilleries of Scotland!","English, Scottish Gaelic","Virgo","Whisky Tasting, Reading, Hiking","Curious, Intellectual"
Riley,29,172,Auckland,"Animal lover and adrenaline junkie ğŸ¾ğŸš—. Let's go on a road trip and visit wildlife reserves!","English, Maori","Scorpio","Wildlife Conservation, Skydiving, Road Trips","Adventurous, Spontaneous"
Nora,25,164,Oslo,"Skiing enthusiast and Northern Lights chaser â›·ï¸ğŸŒŒ. Let's hit the slopes and hunt for the Aurora Borealis!","Norwegian, English","Aquarius","Skiing, Stargazing, Traveling","Adventurous, Nature-loving"
Ella,26,167,Prague,"Beer lover and history enthusiast ğŸ»ğŸ°. Let's explore the charming streets of Prague and enjoy a cold one at a local pub!","Czech, English","Libra","Beer Tasting, History Tours, Photography","Relaxed, Social"
Stella,24,162,Buenos Aires,"Tango dancer and foodie ğŸ·ğŸ’ƒ. Let's dance the night away and indulge in Argentine cuisine!","Spanish, English","Sagittarius","Tango, Cooking, Traveling","Passionate, Social"
Aaliyah,27,168,Dallas,"Music lover and concert-goer ğŸµğŸ¤. Let's catch live performances and discover new artists together!","English, Spanish","Taurus","Concerts, Music Festivals, Traveling","Energetic, Outgoing"
Mila,23,165,Amsterdam,"Cycling enthusiast and art admirer ğŸš²ğŸ¨. Let's bike around the city and explore its museums!","Dutch, English","Pisces","Cycling, Painting, Coffee Tasting","Free-spirited, Creative"
Lucy,28,170,Seville,"Flamenco dancer and tapas enthusiast ğŸ’ƒğŸ·. Let's experience the vibrant culture of Andalusia together!","Spanish, English","Gemini","Flamenco, Cooking, Traveling","Passionate, Social"
Nova,25,166,Wellington,"Coffee lover and movie buff â˜•ï¸ğŸ¬. Let's discuss our favorite films over a cup of coffee!","English, Maori","Leo","Coffee Tasting, Movie Nights, Hiking","Relaxed, Intellectual"
Zara,29,172,Reykjavik,"Adventure seeker and hot spring lover ğŸŒ‹ğŸ’¦. Let's explore Iceland's natural wonders and relax in its geothermal pools!","Icelandic, English","Sagittarius","Hiking, Hot Spring Bathing, Traveling","Adventurous, Relaxing"
Ayla,26,167,Hong Kong,"Dim sum aficionado and skyline admirer ğŸ¥ŸğŸ™ï¸. Let's feast on delicious Cantonese cuisine and enjoy the city's breathtaking views!","Cantonese, English","Aries","Food Tasting, Photography, Skyline Views","Energetic, Adventurous"
Leah,23,163,Milan,"Fashionista and gelato lover ğŸ¦ğŸ‘—. Let's shop for trendy outfits and indulge in Italian ice cream!","Italian, English","Capricorn","Fashion Design, Gelato Tasting, Traveling","Stylish, Social"
Elliana,28,169,Bangkok,"Street food enthusiast and Muay Thai fan ğŸ¥ŠğŸœ. Let's explore the bustling markets and catch a Muay Thai match!","Thai, English","Sagittarius","Street Food Tasting, Muay Thai, Traveling","Adventurous, Foodie"
Clara,25,164,Lisbon,"Fado music lover and seafood enthusiast ğŸ¶ğŸ¦. Let's immerse ourselves in Lisbon's culture and cuisine!","Portuguese, English","Cancer","Fado Music, Seafood Tasting, Exploring Old Town","Passionate, Relaxed"
